{
  "Workflows": [
    {
      "Path": null,
      "SortBy": 0,
      "VariablesSectionElementsOrder": [],
      "ArgumentsSectionElementsOrder": null,
      "ConstantsSectionElementsOrder": [],
      "AddedNamespaces": null
    },
    {
      "Path": "Main.xaml",
      "SortBy": 0,
      "VariablesSectionElementsOrder": [
        "name&Sequence_2",
        "DataTable1&Sequence_2",
        "datetime&Sequence_2",
        "y&Sequence_2",
        "x&Sequence_2",
        "result&Sequence_2"
      ],
      "ArgumentsSectionElementsOrder": [
        "DataTable1"
      ],
      "ConstantsSectionElementsOrder": [],
      "AddedNamespaces": null
    }
  ]
}